-----------------------------------------------------
-- LOAD COMPANY
-----------------------------------------------------

insert into company 
(
	id,
	created_at,
	updated_at,
	is_deleted,
	api_token,
	document,
	name,
	trading_name
)
values
(
	1,
	NOW(),
	null,
	false,
	'451ed7f8-d284-4120-b284-7c98f999ebc2',
	'67194226000141',
	'Restaurante 01',
	'Jaqueline e Danilo Doces & Salgados Ltda'
),
(
	2,
	NOW(),
	null,
	false,
	'b59d69b9-bf8f-4009-b551-f5b96eea4025',
	'52400193000171',
	'Restaurante 02',
	'Andreia e Rosângela Alimentos Ltda'
),
(
	3,
	NOW(),
	null,
	false,
	'a21a6845-94de-4c5f-a8a0-c1d575e65aac',
	'17915190000170',
	'Restaurante 03',
	'Rafael e Ricardo Pizzaria Delivery Ltda'
);


----------------------------------------------------
-- LOAD COMPANY ADDRESSES
-----------------------------------------------------

insert into address 
(
	id,
	created_at,
	updated_at,
	is_deleted,
	country,
	state,
	city,
	zip_code,
	neighborhood,
	street,
	number,
	complement
)
values
(
	1,
	NOW(),
	null,
	false,
	'BRA',
	'MG',
	'Contagem',
	'32340001',
	'Eldorado',
	'Av. João César de Oliveira',
	'2999',
	'Loja 01'
),
(
	2,
	NOW(),
	null,
	false,
	'BRA',
	'MG',
	'Contagem',
	'32340001',
	'Eldorado',
	'Av. João César de Oliveira',
	'2999',
	'Loja 02'
),
(
	3,
	NOW(),
	null,
	false,
	'BRA',
	'MG',
	'Contagem',
	'32340001',
	'Eldorado',
	'Av. João César de Oliveira',
	'3000',
	null
);


----------------------------------------------------
-- LOAD CALLED TICKETS
-----------------------------------------------------

insert into called_ticket 
(
	id,
	created_at,
	updated_at,
	is_deleted,
	company_id,
	"number" 
)
values
(
	1,
	NOW(),
	null,
	false,
	1,
	'101'
),
(
	2,
	NOW(),
	null,
	false,
	1,
	'102'
),
(
	3,
	NOW(),
	null,
	false,
	1,
	'103'
),
(
	4,
	NOW(),
	null,
	false,
	1,
	'104'
),
(
	5,
	NOW(),
	null,
	false,
	1,
	'105'
),
(
	6,
	NOW(),
	null,
	false,
	1,
	'106'
),
(
	7,
	NOW(),
	null,
	false,
	1,
	'107'
),
(
	8,
	NOW(),
	null,
	false,
	1,
	'108'
),
(
	9,
	NOW(),
	null,
	false,
	1,
	'109'
),
(
	10,
	NOW(),
	null,
	false,
	2,
	'110'
),
(
	11,
	NOW(),
	null,
	false,
	2,
	'1'
),
(
	12,
	NOW(),
	null,
	false,
	2,
	'2'
),

(
	13,
	NOW(),
	null,
	false,
	2,
	'3'
),

(
	14,
	NOW(),
	null,
	false,
	2,
	'4'
),
(
	15,
	NOW(),
	null,
	false,
	2,
	'5'
),
(
	16,
	NOW(),
	null,
	false,
	3,
	'AN-01'
),
(
	17,
	NOW(),
	null,
	false,
	3,
	'AN-02'
),

(
	18,
	NOW(),
	null,
	false,
	3,
	'AN-03'
),
(
	19,
	NOW(),
	null,
	false,
	3,
	'AN-04'
),
(
	20,
	NOW(),
	null,
	false,
	3,
	'AP-01'
),
(
	21,
	NOW(),
	null,
	false,
	3,
	'AP-02'
);

----------------------------------------------------
-- LOAD LINE
-----------------------------------------------------

insert into line
(
	id,
	created_at,
	updated_at,
	is_deleted,
	quantity_of_ticket,
	waiting_time,
	company_id
)
values
(
	1,
	NOW(),
	null,
	false,
	5,
	20,
	1
),
(
	2,
	NOW(),
	null,
	false,
	6,
	15,
	2
),
(
	3,
	NOW(),
	null,
	false,
	3,
	10,
	3
);